-- ============================================================
-- Астана Баспана — Seed Script (толық деректер)
-- ============================================================

-- Алдымен бар деректерді тазалау (тәртіп маңызды — FK)
TRUNCATE TABLE feedback   RESTART IDENTITY CASCADE;
TRUNCATE TABLE favorites  RESTART IDENTITY CASCADE;
TRUNCATE TABLE apartments RESTART IDENTITY CASCADE;
TRUNCATE TABLE users      RESTART IDENTITY CASCADE;

-- ============================================================
-- 1. USERS
-- ============================================================
INSERT INTO users (email, password_hash, role) VALUES
('toilybai.amina.2019@gmail.com', crypt('admin123', gen_salt('bf')), 'admin'),
('admin@astana-housing.kz',       crypt('admin123', gen_salt('bf')), 'admin'),
('user1@example.com',             crypt('password123', gen_salt('bf')), 'user'),
('user2@example.com',             crypt('password123', gen_salt('bf')), 'user'),
('investor@example.com',          crypt('password123', gen_salt('bf')), 'user');

-- ============================================================
-- 2. APARTMENTS (apartments.json деректері)
-- ============================================================
INSERT INTO apartments (
    id, residential_complex_name, district, rooms, area, floor, total_floors,
    price_usd, price_local, price_per_m2,
    house_type, year_built, condition,
    bathroom, balcony, parking, furniture, heating,
    address, latitude, longitude, url
) VALUES
(1,  'Respublika',                  'Нура р-н',       2, 72.50,  NULL, NULL, 75646,  38497500,  1043, 'монолитный', 2023, NULL,                              'совмещенный',    NULL,                          NULL,       NULL,         NULL, 'Е-36 5',                                51.128204596981, 71.385412215750, 'https://krisha.kz/a/show/691048362'),
(2,  'Family Town',                 'Есильский р-н',  3, 89.30,  4,    5,    88424,  45000000,   990, 'кирпичный',  2014, NULL,                              '2 с/у и более',  'балкон и лоджия',             'паркинг',  'полностью',  NULL, 'Е652 6',                                51.059035000000, 71.420952000000, 'https://krisha.kz/a/show/1004599137'),
(3,  'Свечки',                      'Сарыарка р-н',   2, 72.10,  NULL, NULL, 56984,  29000000,   790, 'монолитный', 1998, 'не новый, но аккуратный ремонт', '2 с/у и более',  'лоджия',                      NULL,       'полностью',  NULL, 'Богенбай батыра 30',                    51.189164000000, 71.356273000000, 'https://krisha.kz/a/show/761512600'),
(4,  'Sezim Qala.Baqyt',            'Нура р-н',       4, 106.77, 8,    9,    149338, 76000000,  1398, 'монолитный', 2023, NULL,                              NULL,             NULL,                          'паркинг',  NULL,         NULL, 'Туран 55/12',                           51.114483931053, 71.393404894695, 'https://krisha.kz/a/show/1007029481'),
(5,  'Boston Comfort House',        'Нура р-н',       2, 39.00,  2,    2,    27509,  14000000,   705, 'кирпичный',  2021, NULL,                              'совмещенный',    'лоджия',                      'паркинг',  NULL,         NULL, 'мкр Уркер, Кургальжинское шоссе 108',   51.121439197443, 71.283094882965, 'https://krisha.kz/a/show/697845378'),
(6,  NULL,                          'Сарайшык р-н',   2, 39.00,  1,    8,    45587,  23200000,  1168, 'кирпичный',  2022, NULL,                              NULL,             NULL,                          NULL,       NULL,         NULL, 'Болекпаева 14',                         51.122232000000, 71.500695000000, 'https://krisha.kz/a/show/1008128187'),
(7,  'AUEN',                        'Сарыарка р-н',   4, 109.00, 7,    9,    108074, 55000000,   991, 'кирпичный',  2025, NULL,                              '2 с/у и более',  'балкон и лоджия',             'паркинг',  NULL,         NULL, 'Б.Сокпакбаева 1',                       51.172396256993, 71.402581013708, 'https://krisha.kz/a/show/761237286'),
(8,  'Park City Forum',             'Нура р-н',       2, 66.00,  11,   12,   74472,  37900000,  1128, 'монолитный', 2025, NULL,                              NULL,             NULL,                          'паркинг',  NULL,         NULL, 'Улица Е-429, 26',                       51.131434316719, 71.358380589066, 'https://krisha.kz/a/show/1007457224'),
(9,  'Capital Park.Sky',            'Есильский р-н',  2, 54.00,  11,   22,   85476,  43500000,  1582, 'монолитный', 2025, 'черновая отделка',                NULL,             NULL,                          'паркинг',  NULL,         NULL, 'Аль-Фараби 3',                          51.101627810333, 71.451746913561, 'https://krisha.kz/a/show/1008120964'),
(10, NULL,                          'Сарыарка р-н',   1, 35.30,  6,    12,   30457,  15500000,   862, 'монолитный', 2010, 'свежий ремонт',                   'совмещенный',    'балкон',                      NULL,       'полностью',  NULL, 'Дукенулы 38',                           51.180723000000, 71.437068000000, 'https://krisha.kz/a/show/1008360337');

INSERT INTO apartments (
    id, residential_complex_name, district, rooms, area, floor, total_floors,
    price_usd, price_local, price_per_m2,
    house_type, year_built, condition,
    bathroom, balcony, parking, furniture, heating,
    address, latitude, longitude, url
) VALUES
(11, 'Саламат',                     'Алматы р-н',     1, 44.00,  10,   12,   35369,  18000000,   803, 'монолитный', 2015, 'не новый, но аккуратный ремонт', NULL,             'лоджия',                      'паркинг',  'полностью',  NULL, 'Рыскулбекова',                          51.160791162777, 71.500162302103, 'https://krisha.kz/a/show/1008007427'),
(12, 'Evolution',                   'Нура р-н',       4, 114.00, 17,   18,   183726, 93500000,  1611, 'монолитный', 2025, NULL,                              NULL,             NULL,                          'паркинг',  NULL,         NULL, 'Туран 39',                              51.129875301642, 71.402040829886, 'https://krisha.kz/a/show/1006164835'),
(13, NULL,                          'Сарыарка р-н',   2, 48.00,  4,    5,    50107,  25500000,  1043, 'кирпичный',  1976, NULL,                              NULL,             'балкон',                      NULL,       'полностью',  NULL, 'пр.республика 29',                      51.167543000000, 71.426270000000, 'https://krisha.kz/a/show/1007867012'),
(14, NULL,                          'Нура р-н',       2, 50.00,  2,    12,   58753,  29900000,  1175, 'кирпичный',  2021, NULL,                              NULL,             NULL,                          NULL,       NULL,         NULL, 'Мухаммед Али Джинна 16',                51.124487000000, 71.380222000000, 'https://krisha.kz/a/show/1008365826'),
(15, 'Dauletti Qalashyq',           'Алматы р-н',     3, 85.00,  10,   12,   147373, 75000000,  1733, 'монолитный', 2025, 'свежий ремонт',                   '2 с/у и более',  'балкон',                      'паркинг',  'полностью',  NULL, 'Байтурсынова — А426',                   51.115678443791, 71.521672158158, 'https://krisha.kz/a/show/1006005634'),
(16, 'UIA.DARYN',                   'Нура р-н',       2, 52.78,  NULL, NULL, 58949,  30000000,  1116, 'монолитный', 2026, NULL,                              NULL,             NULL,                          'паркинг',  NULL,         NULL, 'Улы Дала 14',                           51.104471404018, 71.357934035308, 'https://krisha.kz/a/show/1007464735'),
(17, 'Ak Bulak Premium',            'Алматы р-н',     4, 112.00, 9,    9,    208288, 106000000, 1859, 'кирпичный',  2022, NULL,                              '2 с/у и более',  'лоджия',                      NULL,       NULL,         NULL, 'Аскар Токпанов 22',                     51.143179929788, 71.456093985873, 'https://krisha.kz/a/show/1007228932'),
(18, 'Гималаи',                     'Алматы р-н',     1, 31.00,  8,    12,   40085,  20400000,  1293, 'кирпичный',  2024, 'свежий ремонт',                   NULL,             'лоджия',                      'паркинг',  NULL,         NULL, 'Нажмиденова 15',                        51.114054982988, 71.511796450941, 'https://krisha.kz/a/show/1007509416'),
(19, 'GreenLine.Headliner Exclusive','Нура р-н',      3, 112.00, NULL, NULL, 231868, 118000000, 2070, 'монолитный', 2024, NULL,                              '2 с/у и более',  'лоджия',                      'паркинг',  'полностью',  NULL, 'Толе би 52',                            51.133656711975, 71.398931272910, 'https://krisha.kz/a/show/1006900519'),
(20, 'Самгау',                      'Сарайшык р-н',   1, 40.00,  9,    9,    39299,  20000000,   982, 'кирпичный',  2019, NULL,                              NULL,             NULL,                          NULL,       NULL,         NULL, 'Бестобе 33',                            51.119292000000, 71.519129000000, 'https://krisha.kz/a/show/1008281193');

INSERT INTO apartments (
    id, residential_complex_name, district, rooms, area, floor, total_floors,
    price_usd, price_local, price_per_m2,
    house_type, year_built, condition,
    bathroom, balcony, parking, furniture, heating,
    address, latitude, longitude, url
) VALUES
(21, 'Сатти-7',                     'Алматы р-н',     4, 170.00, 8,    9,    176848, 90000000,  1040, 'кирпичный',  2017, 'свежий ремонт',                   '2 с/у и более',  'несколько балконов или лоджий','паркинг',  'полностью',  NULL, 'Кошкарбаева 23а',                       51.127314615210, 71.488687287437, 'https://krisha.kz/a/show/1007229428'),
(22, 'Adamant Life',                'Есильский р-н',  2, 54.40,  12,   16,   64647,  32900000,  1188, 'монолитный', 2025, NULL,                              NULL,             NULL,                          'паркинг',  NULL,         NULL, 'Мангилик Ел 74',                        51.068591290510, 71.418095973178, 'https://krisha.kz/a/show/1007961124'),
(23, NULL,                          'Сарыарка р-н',   1, 39.10,  1,    12,   45194,  23000000,  1155, 'кирпичный',  2022, 'свежий ремонт',                   NULL,             NULL,                          NULL,       NULL,         NULL, 'Бейбарыс султан',                       51.173383000000, 71.354746000000, 'https://krisha.kz/a/show/1007233700'),
(24, 'Люксембург',                  NULL,             3, 85.00,  1,    10,   100214, 51000000,  1178, 'кирпичный',  2022, NULL,                              NULL,             'балкон и лоджия',             'паркинг',  NULL,         NULL, 'Алихан Бокейхан 15/1',                  51.100209236141, 71.434401317166, 'https://krisha.kz/a/show/693327334'),
(25, 'Бухар Жырау De Luxe',         'Есильский р-н',  3, 110.00, 8,    10,   135583, 69000000,  1232, 'кирпичный',  2022, NULL,                              '2 с/у и более',  'балкон и лоджия',             'паркинг',  NULL,         NULL, 'ул. Бухар жырау 34/2',                  51.098058309585, 71.434160825370, 'https://krisha.kz/a/show/1007253142'),
(26, NULL,                          'Нура р-н',       1, 29.00,  3,    3,    27509,  14000000,   948, 'иной',       2022, 'не новый, но аккуратный ремонт', NULL,             NULL,                          NULL,       'полностью',  NULL, 'мкр Уркер, Актамберды Жирау 49',        51.122401000000, 71.263675000000, 'https://krisha.kz/a/show/1001473562'),
(27, 'Samal Park',                  'Есильский р-н',  2, 41.10,  12,   13,   80367,  40900000,  1955, 'кирпичный',  2025, 'свежий ремонт',                   NULL,             NULL,                          'паркинг',  NULL,         NULL, 'Улица Жошы хан',                        51.103597631337, 71.441835970503, 'https://krisha.kz/a/show/1008278882'),
(28, NULL,                          NULL,             1, 29.30,  NULL, NULL, 37334,  19000000,  1274, NULL,         2020, 'свежий ремонт',                   'совмещенный',    NULL,                          'рядом охраняемая стоянка', 'полностью', NULL, 'Куйши Дина',                   51.145433000000, 71.465392000000, 'https://krisha.kz/a/show/1008194660'),
(29, 'Geneva 1',                    'Сарайшык р-н',   1, 37.00,  3,    12,   40283,  20500500,  1088, 'кирпичный',  2022, NULL,                              'совмещенный',    'лоджия',                      NULL,       NULL,         NULL, 'Улица А 52, 8/1',                       51.107785000000, 71.512257000000, 'https://krisha.kz/a/show/1007472090'),
(30, 'Qazaq Eli Sairam',            'Алматы р-н',     3, 86.10,  12,   17,   89996,  45800000,  1045, 'кирпичный',  2023, NULL,                              NULL,             NULL,                          NULL,       NULL,         NULL, 'Нажмеденова 29/3',                      51.112866364401, 71.523576279897, 'https://krisha.kz/a/show/1005637217');

INSERT INTO apartments (
    id, residential_complex_name, district, rooms, area, floor, total_floors,
    price_usd, price_local, price_per_m2,
    house_type, year_built, condition,
    bathroom, balcony, parking, furniture, heating,
    address, latitude, longitude, url
) VALUES
(31, 'Geneva 4',                    'Сарайшык р-н',   1, 40.00,  4,    12,   32815,  16700000,   820, 'кирпичный',  2026, NULL,                              NULL,             NULL,                          NULL,       NULL,         NULL, 'Улица Шамши Калдаяков, 46',             51.108872967188, 71.513314247131, 'https://krisha.kz/a/show/1007347941'),
(32, 'Qobyz 2',                     'Сарайшык р-н',   3, 94.00,  8,    12,   130671, 66500000,  1390, 'кирпичный',  2024, 'свежий ремонт',                   '2 с/у и более',  NULL,                          NULL,       'полностью',  NULL, 'Шамши Калдаякова 25',                   51.114107000000, 71.491038000000, 'https://krisha.kz/a/show/1007993236'),
(33, 'Виктория',                    'Алматы р-н',     3, 76.30,  9,    22,   77616,  39500000,  1017, 'монолитный', 2017, 'не новый, но аккуратный ремонт', NULL,             NULL,                          'паркинг',  NULL,         NULL, 'Момышулы 2Б',                           51.131934872181, 71.460224761309, 'https://krisha.kz/a/show/1007517031'),
(34, 'GAUHARTAS',                   'Нура р-н',       1, 44.00,  11,   12,   54037,  27500000,  1228, 'кирпичный',  2026, NULL,                              NULL,             NULL,                          'паркинг',  NULL,         NULL, 'Улы Дала 38а',                          51.100422279172, 71.382220421086, 'https://krisha.kz/a/show/1008058485'),
(35, 'Aq-Jol',                      'Есильский р-н',  2, 62.70,  4,    6,    45194,  23000000,   720, 'кирпичный',  2024, 'черновая отделка',                'совмещенный',    'балкон и лоджия',             NULL,       NULL,         NULL, 'Кабанбай батыра 107',                   51.049922238728, 71.435744762421, 'https://krisha.kz/a/show/1005218189'),
(36, 'Томирис',                     'Алматы р-н',     3, 79.00,  7,    21,   75651,  38500000,   957, 'монолитный', 2020, NULL,                              NULL,             NULL,                          'паркинг',  NULL,         NULL, 'Шаймерденова 8',                        51.112364268758, 71.536746025085, 'https://krisha.kz/a/show/1008392479'),
(37, 'BUQAR JYRAU EXCLUSIVE 2',     'Есильский р-н',  3, 105.00, 6,    17,   190603, 97000000,  1815, 'монолитный', 2024, NULL,                              NULL,             NULL,                          'паркинг',  NULL,         NULL, 'Туран 52/2, 52/3',                      51.104566046182, 71.399554480031, 'https://krisha.kz/a/show/1008329398'),
(38, 'Sezim Qala. Orken',           'Нура р-н',       3, 44.00,  6,    9,    64647,  32900000,  1469, 'монолитный', 2025, 'свежий ремонт',                   'совмещенный',    'лоджия',                      'паркинг',  'без мебели', NULL, 'Туран 55/16',                           51.115024969179, 71.391829487660, 'https://krisha.kz/a/show/1008266827'),
(39, 'Gala One',                    'Нура р-н',       2, 67.80,  2,    12,   76634,  39000000,  1130, 'кирпичный',  2026, NULL,                              NULL,             'лоджия',                      'паркинг',  NULL,         NULL, 'Казыбек Би — Тұран-Ұлы Дала 40',       51.101139264513, 71.382877876182, 'https://krisha.kz/a/show/1007991490'),
(40, NULL,                          'Алматы р-н',     3, 60.00,  5,    5,    42247,  21500000,   704, NULL,         1974, NULL,                              NULL,             NULL,                          NULL,       NULL,         NULL, 'Петрова 1/1 — Орбита',                  51.151382000000, 71.463056000000, 'https://krisha.kz/a/show/1008377413');

INSERT INTO apartments (
    id, residential_complex_name, district, rooms, area, floor, total_floors,
    price_usd, price_local, price_per_m2,
    house_type, year_built, condition,
    bathroom, balcony, parking, furniture, heating,
    address, latitude, longitude, url
) VALUES
(41, 'Sat City',                    'Есильский р-н',  4, 115.00, 12,   12,   155233, 79000000,  1349, 'монолитный', 2020, 'свежий ремонт',                   '2 с/у и более',  NULL,                          'паркинг',  'частично',   NULL, 'Санжара Асфендиярова',                  51.133322000000, 71.381210000000, 'https://krisha.kz/a/show/761628171'),
(42, 'Aiva',                        'Есильский р-н',  2, 74.00,  9,    9,    78579,  39990000,  1061, 'монолитный', 2020, 'свежий ремонт',                   'совмещенный',    'лоджия',                      'паркинг',  'полностью',  NULL, 'E-669 13',                              51.087417938217, 71.481831943558, 'https://krisha.kz/a/show/1008082168'),
(43, 'La Vie',                      NULL,             5, 152.00, 14,   16,   298677, 152000000, 1964, 'монолитный', 2025, 'черновая отделка',                NULL,             NULL,                          'паркинг',  NULL,         NULL, 'Кошкарбаева 4',                         51.129258135817, 71.463185923378, 'https://krisha.kz/a/show/1007847177'),
(44, 'Алтын Отау',                  'Сарайшык р-н',   3, 95.00,  2,    8,    72704,  37000000,   765, 'иной',       2021, 'не новый, но аккуратный ремонт', '2 с/у и более',  'лоджия',                      'паркинг',  'полностью',  NULL, 'А. Байтурсынова 40',                    51.112407998580, 71.542991145769, 'https://krisha.kz/a/show/1008310877'),
(45, NULL,                          'Сарайшык р-н',   3, 71.80,  1,    10,   73686,  37500000,  1026, 'кирпичный',  2012, 'свежий ремонт',                   'раздельный',     'балкон',                      NULL,       'полностью',  NULL, 'Кенен Азербаев 4',                      51.127659000000, 71.504127000000, 'https://krisha.kz/a/show/1006834963'),
(46, 'Sandi Qala',                  'Есильский р-н',  3, 99.10,  8,    17,   134601, 68500000,  1358, 'монолитный', 2025, NULL,                              '2 с/у и более',  'лоджия',                      'паркинг',  'без мебели', NULL, 'Жошы Хан 12',                           51.102113797806, 71.439955804359, 'https://krisha.kz/a/show/1007425778'),
(47, NULL,                          'Алматы р-н',     3, 60.00,  5,    5,    47159,  24000000,   785, 'монолитный', 1974, 'не новый, но аккуратный ремонт', 'раздельный',     NULL,                          NULL,       'полностью',  NULL, 'Петрова 1/1 — Кажымукана',              51.151396079806, 71.463410023619, 'https://krisha.kz/a/show/1006731580'),
(48, 'Royal Expo Apartments',       'Есильский р-н',  5, 212.00, 4,    6,    253482, 129000000, 1195, 'монолитный', 2023, 'свободная планировка',            '2 с/у и более',  'балкон и лоджия',             'паркинг',  NULL,         NULL, 'Акмешит 19/11',                         51.093606000000, 71.413873000000, 'https://krisha.kz/a/show/696265747'),
(49, 'Asylym Prime',                'Есильский р-н',  4, 95.00,  6,    9,    208288, 106000000, 2192, 'кирпичный',  2023, NULL,                              '2 с/у и более',  NULL,                          'паркинг',  'полностью',  NULL, 'Орынбор 16',                            51.107955009446, 71.435189017628, 'https://krisha.kz/a/show/1004461872'),
(50, 'Boston Comfort House 2',      'Нура р-н',       1, 42.07,  3,    5,    27509,  14000000,   653, 'кирпичный',  2025, 'черновая отделка',                'совмещенный',    'балкон',                      NULL,       NULL,         NULL, 'мкр Уркер, Кургальжинское шоссе 104',   51.123853014825, 71.290893691054, 'https://krisha.kz/a/show/762328654');

INSERT INTO apartments (
    id, residential_complex_name, district, rooms, area, floor, total_floors,
    price_usd, price_local, price_per_m2,
    house_type, year_built, condition,
    bathroom, balcony, parking, furniture, heating,
    address, latitude, longitude, url
) VALUES
(51, 'Жасыл ел',                    'Алматы р-н',     2, 47.40,  14,   14,   43229,  22000000,   912, 'кирпичный',  2010, NULL,                              NULL,             NULL,                          'паркинг',  'частично',   NULL, 'Сатпаева 20',                           51.141907000000, 71.476432000000, 'https://krisha.kz/a/show/1003715096'),
(52, 'Capital Park. Emotions',      'Есильский р-н',  3, 88.00,  NULL, NULL, 135364, 68888500,  1538, 'монолитный', 2025, NULL,                              NULL,             NULL,                          'паркинг',  NULL,         NULL, 'Бухар жырау 33/1',                      51.097882000000, 71.447569000000, 'https://krisha.kz/a/show/1005836140'),
(53, 'Promenade Expo',              'Есильский р-н',  2, 78.00,  9,    10,   110039, 56000000,  1410, 'монолитный', 2016, 'свежий ремонт',                   'совмещенный',    'лоджия',                      'паркинг',  'частично',   NULL, 'Мәңгілік Ел 52',                        51.093736993934, 71.425456738214, 'https://krisha.kz/a/show/1007235449'),
(54, 'Auez',                        'Сарайшык р-н',   1, 39.00,  8,    14,   49124,  25000000,  1259, 'монолитный', 2026, NULL,                              'совмещенный',    'балкон',                      'паркинг',  NULL,         NULL, 'Сагадат Нурмагамбетов 17',              51.113877909608, 71.481329798644, 'https://krisha.kz/a/show/1007054530'),
(55, 'Respublika',                  'Нура р-н',       2, 39.10,  14,   18,   63272,  32200000,  1618, 'монолитный', 2025, 'свежий ремонт',                   'совмещенный',    'лоджия',                      'паркинг',  'полностью',  NULL, 'Е-36 6',                                51.120902470303, 71.379950363693, 'https://krisha.kz/a/show/1008303812'),
(56, 'GreenLine. Aurora',           'Нура р-н',       2, 70.64,  6,    9,    112986, 57500000,  1599, 'монолитный', 2026, 'черновая отделка',                NULL,             NULL,                          'паркинг',  NULL,         NULL, 'Е-899 3',                               51.134387015427, 71.386815497076, 'https://krisha.kz/a/show/1007941');

-- Sequence-ті дұрыс орнату (SERIAL үшін)
SELECT setval('apartments_id_seq', (SELECT MAX(id) FROM apartments));
SELECT setval('users_id_seq',      (SELECT MAX(id) FROM users));

-- ============================================================
-- 3. FAVORITES
-- ============================================================
INSERT INTO favorites (user_id, apartment_id) VALUES
(3, 1),
(3, 9),
(3, 12),
(3, 15),
(4, 1),
(4, 15),
(4, 22),
(5, 12),
(5, 17),
(5, 19),
(5, 49);

-- ============================================================
-- 4. FEEDBACK
-- ============================================================
INSERT INTO feedback (user_id, apartment_id, rating, comment) VALUES
(3, 1,    5, 'Өте жақсы пәтер, орналасуы тамаша!'),
(3, NULL, 4, 'Платформа өте ыңғайлы, деректер толық.'),
(4, 1,    5, 'Respublika ЖК-сы керемет, ұсынамын!'),
(4, 15,   4, 'Dauletti Qalashyq жаңа үй, баға тиімді.'),
(5, 12,   5, 'Evolution — инвестиция үшін тамаша нұсқа!'),
(5, 17,   5, 'Ak Bulak Premium — премиум сапа, ұнады!'),
(3, 9,    4, 'Capital Park Sky биік қабатта, көрініс керемет.'),
(4, 22,   4, 'Adamant Life — жаңа ЖК, баға қолайлы.'),
(5, 49,   5, 'Asylym Prime — сапасы жоғары, ұсынамын!');
